{"last_gateway_restart": 0, "last_dashboard_restart": 0, "last_model_switch": 0, "last_alert": {"gateway_down": 0, "dashboard_down": 1772157046.9226217, "cost_threshold": 0}, "last_learning_update": 1772157046.9226217, "last_reflection": 1772157046.9226217, "last_autocommit": 1772158856.2581744, "last_twitter_check": 1772157046.9226217, "last_cleanup": 1772157046.9226217}