{
  "start_time": 1772156081.5870295,
  "heartbeats": 1,
  "patterns_detected": 0,
  "last_pattern_check": 1772156081.5875366,
  "last_learning_update": 1772156081.5875366,
  "last_health_check": 1772159082.754441,
  "last_daily_report": 1772156081.5875366,
  "failures": [],
  "recoveries": []
}